{
	"textArea": {
		"0": [
			[
				91,
				152
			],
			[
				297,
				152
			],
			[
				294,
				168
			],
			[
				92,
				171
			]
		],
		"1": [
			[
				426,
				148
			],
			[
				506,
				148
			],
			[
				506,
				168
			],
			[
				431,
				169
			]
		],
		"2": [
			[
				92,
				188
			],
			[
				235,
				185
			],
			[
				230,
				267
			],
			[
				92,
				265
			]
		],
		"3": [
			[
				94,
				284
			],
			[
				143,
				283
			],
			[
				156.06807181163816,
				263.50097705871934
			],
			[
				90.737251053278,
				269.3081611261291
			]
		],
		"4": [
			[
				95,
				293
			],
			[
				480,
				293
			],
			[
				480,
				310
			],
			[
				97,
				307
			]
		],
		"5": [
			[
				94,
				317
			],
			[
				523.3724640753076,
				312.8620416317026
			],
			[
				525,
				381
			],
			[
				93.6408430869829,
				370.93388230580047
			]
		],
		"6": [
			[
				92,
				393
			],
			[
				223,
				394
			],
			[
				230,
				461
			],
			[
				92,
				460
			]
		],
		"7": [
			[
				110,
				663
			],
			[
				499,
				664
			],
			[
				498,
				688
			],
			[
				110.87127158555731,
				687.7943485086342
			]
		],
		"8": [
			[
				247,
				107
			],
			[
				355,
				107
			],
			[
				358,
				130
			],
			[
				244,
				128
			]
		]
	},
	"lineArea": {
		"0": [
			[
				100,
				656
			],
			[
				512.4934589220304,
				653.7807430664574
			]
		],
		"1": [
			[
				411.76085818942965,
				119.37467294610153
			],
			[
				535.3872318158033,
				118.72056514913658
			]
		],
		"2": [
			[
				100,
				121
			],
			[
				214,
				119
			]
		]
	}
}